curr_codes,1990,1991,1992,1993,1994,1995,1996,1997,1998,1999,2000,2001,2002,2003,2004,2005,2006,2007,2008,2009,2010,2011,2012,2013,2014,2015,2016,2017,2018,2019
AED,,,,3.67247,3.6725,3.67246,3.67251,3.67239,3.67267,3.67275,3.67273,3.67249,3.67275,3.67273,3.67239,3.67238,3.672,3.67125,3.6717,3.67183,3.67212,3.67238,3.67219,3.67222,3.67226,,,,,
AFN,,,,,,3756.74909,4750.19126,4750,4750,4710.73449,4836.03164,4749.67466,4726.25,55.61641,42.785,42.70031,48.10775,49.85822,50.21658,50.80011,46.33928,46.7397,50.88628,55.39797,56.24462,,,,,
ALL,,,,,,91.78697,100.08798,144.92863,149.15282,136.2543,142.8223,141.28975,134.82685,117.47986,98.74227,96.69505,93.35059,87.49384,82.19302,93.05884,102.11432,99.0767,106.24928,103.81396,101.00165,,,,,
AMD,,,,,,,,,,,,,,,,,418.44813,342.51255,305.95645,363.48304,373.7114,372.28803,401.58284,409.61992,404.9,,,,,
ANG,,,,,,1.7822,1.79,1.79,1.79,1.77675,1.76391,1.78,1.77882,1.7724,1.77216,1.77417,1.7728,1.75793,1.75202,1.7638,1.78018,1.78,1.78,1.78,1.78,,,,,
AOA,,,,,,453417.5455,5635,123023.8877,196916,193139.6352,5.87579,11.45909,32.39582,57.1198,57.1198,74.54469,86.63591,77.18808,74.784,77.76673,91.66367,93.54424,95.13369,96.17062,97.368,,,,,
ARS,,,,,,0.99988,0.99984,0.99981,0.99974,0.99981,0.99955,0.99934,3.09435,2.93724,2.92345,2.91511,3.05612,3.10824,3.15122,3.71939,3.90091,4.12135,4.53556,5.45787,6.56392,,,,,
AUD,,,,1.49392,1.36735,1.34919,1.27728,1.34791,1.59118,1.54929,1.72334,1.93174,1.83976,1.54068,1.35897,1.31153,1.32774,1.19474,1.19614,1.28045,1.08996,0.9687,0.96581,1.03622,1.11842,,,,,
AWG,,,,,,1.79,1.79,1.79,1.79,1.77373,1.77,1.78364,1.78301,1.781,1.77087,1.77,1.77,1.77,1.77,1.77,1.77996,1.77989,1.7799,1.7802,1.77978,,,,,
AZN,,,,,,,,,,,,,,,,,0.91396,0.89853,0.82153,0.80376,0.80221,0.78923,0.78515,0.78407,0.784,,,,,
BAM,,,,,,,,,,,,,,,,1.62325,1.55763,1.42806,1.33609,1.40656,1.47617,1.40586,1.52185,1.47314,1.43284,,,,,
BBD,,,,,,2.0113,2.0113,2.0113,2.0113,1.98459,1.99137,1.9901,1.9899,1.98696,1.9895,1.96566,1.96118,1.97,1.97,1.95647,1.96278,1.96107,1.95711,1.94877,1.94344,,,,,
BDT,,,,,,40.62887,41.69822,43.79562,46.75433,48.89397,51.9782,55.17741,55.38421,56.51551,57.66129,63.50461,66.36356,67.1142,67.33065,67.67545,68.35008,72.76455,80.56517,76.81876,76.37358,,,,,
BGN,,,,,,69.60113,177.63016,1636.0637,1751.59567,1846.87101,874.64382,2.17722,2.06947,1.72669,1.57304,1.572,1.55109,1.4255,1.33467,1.40506,1.47508,1.40502,1.51984,1.47124,1.43028,,,,,
BHD,,,,0.37696,0.377,0.37699,0.37695,0.37699,0.377,0.37701,0.37699,0.37679,0.37641,0.37648,0.37652,0.37684,0.37399,0.37431,0.37457,0.37494,0.37499,0.37527,0.3736,0.37416,0.37477,,,,,
BIF,,,,,257.56602,248.63259,299.4769,320.37,369.24593,441.36973,676.12861,800.34117,888.00252,1030.0463,1053.0276,1014.2664,949.8808,1049.78,1155.1335,1201.30833,1209.0383,1217.61436,1385.06265,1529.38981,1529.14923,,,,,
BMD,,,,,,1,1,1,1,0.99802,1.01312,0.98976,0.99726,0.9938,1.00067,1.00132,0.99867,0.9909,0.99549,0.99993,1,1,1,1,1,,,,,
BND,,,,,,1.39991,1.40934,1.4761,1.68017,1.69402,1.72337,1.78015,1.7919,1.73489,1.67845,1.64763,1.56424,1.48645,1.39808,1.43658,1.3457,1.23974,1.23076,1.23295,1.24915,,,,,
BOB,,,,,,4.79773,5.08728,5.2631,5.51805,5.78907,6.12667,6.52539,6.89551,7.43248,7.72016,7.96426,7.72707,7.63478,7.09683,6.88368,6.87545,6.85699,6.82521,6.80881,6.76372,,,,,
BOV,,,,,,,,,,,,,,,,,,,,,,,,,,,,,,
BRL,,,,,,0.96469,1.00463,1.07764,1.16018,1.80986,1.82876,2.32776,2.87236,3.03788,2.92412,2.43199,2.17193,1.94484,1.82908,1.99241,1.75347,1.66976,1.95076,2.15456,2.36917,,,,,
BSD,,,,,,1,1,1,1,0.9989,1,1,0.99348,0.99728,0.99649,0.99484,0.99898,0.9877,0.9877,0.9877,0.99434,0.99527,0.99499,0.99507,0.99486,,,,,
BTN,,,,,,32.75316,35.78851,36.14151,41.34559,42.99353,45.22483,46.95301,48.28571,46.56739,45.253,45.03555,44.2949,43.94652,43.37259,48.3319,45.67711,46.55596,53.32192,58.51345,62.04682,,,,,
BWP,,,,2.53669,2.6682,2.75366,3.30815,3.63535,4.21658,4.61263,5.07094,5.69073,6.21058,4.91283,4.6805,5.09498,5.67332,6.01381,6.73162,7.0292,6.6739,6.7238,7.49342,8.2791,8.71906,,,,,
BYR,,,,,,,,,,,,,,,,,2150.65465,2150.5,2150.5,2792.32712,2961.89271,5088.48014,8298.19415,8849.51049,9514.32231,,,,,
BZD,,,,,,2,2.00003,2,2,1.98584,1.98429,1.97085,1.96959,1.96721,1.96669,1.95318,1.89457,1.91637,1.92592,1.92783,1.93309,1.94077,1.90641,1.95554,1.95343,,,,,
CAD,1.16651,1.14572,1.20809,1.28956,1.36569,1.37191,1.36318,1.38433,1.48296,1.48494,1.48428,1.54819,1.5696,1.40015,1.30082,1.21109,1.13403,1.07384,1.06604,1.14106,1.03019,0.98883,0.99964,1.0298,1.07244,,,,,
CDF,,,,,,,,,,,,,,,,,426.88531,427,450.56844,774.01429,879.09051,908.75553,904.53425,905.61698,906.826,,,,,
CHF,1.38835,1.43471,1.40541,1.47727,1.3667,1.18125,1.23574,1.44959,1.44898,1.5024,1.68754,1.6864,1.55564,1.34448,1.24239,1.24531,1.25314,1.19991,1.08258,1.08524,1.04286,0.88655,0.93766,0.92675,0.90193,,,,,
CLF,,,,,,,,,,,,,,,,,,,,,,,,,,,,,,
CLP,,,,418.5125,419.81014,396.48692,412.02735,419.15237,460.1411,508.78822,539.34833,628.70265,672.15101,682.22745,597.25899,557.59797,521.22327,522.0258,521.13437,549.79925,501.13267,481.57995,486.39331,495.04313,529.51608,,,,,
CNY,,,,5.79338,8.56513,8.35051,8.31416,8.28978,8.27891,8.27609,8.27841,8.27426,8.26691,8.26715,8.26636,8.18376,7.9646,7.59719,6.94035,6.82119,6.76053,6.4544,6.30336,6.19049,6.10146,,,,,
COP,,,,,,993.44162,1035.75376,1141.76318,1426.34433,1755.962,2087.32697,2277.85778,2431.31014,2813.8737,2581.60246,2312.77605,2296.37515,2033.2151,1938.99913,2129.63666,1877.31562,1827.48559,1786.88117,1868.60981,1931.16769,,,,,
COU,,,,,,,,,,,,,,,,,,,,,,,,,,,,,,
CRC,,,,,,178.6281,207.05236,232.1873,256.56919,284.45707,306.90858,324.76479,346.93775,387.96986,428.15443,473.48007,495.00687,503.19236,515.78133,561.30263,512.68466,499.57511,494.44812,490.78463,490.31108,,,,,
CUC,,,,,1,1,1,1,1,1,1,1,1,1,1,0.946,0.9259,0.9259,0.9259,0.9259,0.9259,0.98092,1,1,1,,,,,
CUP,,,,,,1,3.30055,20.93425,23,11.96986,1,1,2.03408,4.23875,21,21,21.97106,22.2222,22.2222,22.2222,22.2222,22.2222,22.2222,22.2222,22.2222,,,,,
CVE,,,,,,73.91,73.91,89.12794,99.12713,103.26356,119.22048,119.10093,115.76507,105.63285,98.17506,85.0633,84.14211,78.53456,74.15008,79.17074,80.68047,78.35539,84.88648,81.94585,80.69169,,,,,
CZK,,,,,,26.38554,27.12347,31.71378,32.23272,34.60057,38.60449,38.08784,32.61844,28.16928,25.65669,23.91699,22.5497,20.26034,17.03345,18.99607,19.06704,17.65679,19.54607,19.53263,20.10132,,,,,
DJF,,,,170,172.59041,171.73973,160,161.63836,168.74899,172.03373,172.33343,169.49225,162.22679,169.67712,169.05522,166.29217,166.70233,170.82957,172.99007,172.47084,172.55828,174.69574,177.36946,175.89333,177.31154,,,,,
DKK,6.18492,6.39808,6.03426,6.4822,6.35543,5.60223,5.79763,6.60152,6.69871,6.97986,8.08452,8.32026,7.88133,6.57602,5.98774,5.99317,5.94257,5.44292,5.09343,5.35405,5.62064,5.35516,5.79129,5.61678,5.46455,,,,,
DOP,,,,,,13.74702,13.80184,14.16085,15.19178,15.88795,15.86275,15.98198,16.80436,28.20475,39.44657,29.02967,32.16618,32.34066,33.97742,35.44135,36.3028,37.53918,38.66193,41.15638,42.22549,,,,,
DZD,,,,23.93656,24.24251,28.40345,54.72685,57.70069,58.70674,66.49378,72.20054,73.99751,76.48649,74.59177,69.27486,71.16329,70.53928,68.81288,63.33686,70.90402,72.32776,72.43428,77.13466,79.08402,77.99325,,,,,
EEK,,,,,,11.40986,11.89244,13.86285,14.07334,14.68626,17.0037,17.45999,16.58715,13.84181,12.58776,12.58118,12.44635,11.41613,10.67088,11.21622,11.76987,11.66313,11.71072,11.713,11.713,,,,,
EGP,,,,3.36237,3.38133,3.39917,3.3949,3.39129,3.40655,3.41281,3.53142,4.0388,4.59934,5.8322,6.16236,5.75482,5.65973,5.56729,5.38819,5.50708,5.58726,5.91569,6.03247,6.83594,6.93696,,,,,
ERN,,,,,,,,,,,,,,,,15,15,15,15,15,15,15,15,15,15,,,,,
ETB,,,,4.93,5.223,5.71537,5.83867,6.50032,6.9759,7.8128,8.08001,8.20795,8.06766,8.18572,8.34239,8.54286,8.4219,8.75942,9.47715,11.53385,14.24737,16.79757,17.58435,18.52079,18.92578,,,,,
EUR,0.788742,0.811868,0.769998,0.844983,0.833602,0.751091,0.775139,0.885013,0.85355,0.93872,1.08435,1.11631,1.06062,0.88506,0.80485,0.80429,0.79678,0.73061,0.68321,0.71895,0.75464,0.71876,0.77806,0.75316,0.73238,0.901896,0.90389,0.887036,0.847582,0.884684
FJD,,,,,,1.42044,1.39996,1.43756,1.95747,1.96596,2.11705,2.26572,2.18941,1.88742,1.73386,1.68541,1.72098,1.60084,1.58446,1.93975,1.90587,1.78314,1.77926,1.82089,1.87005,,,,,
FKP,,,,,,0.62473,0.64183,0.61212,0.60244,0.61699,0.65834,0.69329,0.48807,0.44238,0.5885,0.5885,0.57131,0.49977,0.5448,0.64101,0.64738,0.62355,0.63102,0.63961,0.60751,,,,,
GBP,0.56308,0.56724,0.56957,0.6659,0.65325,0.63345,0.6407,0.61026,0.60338,0.61825,0.66048,0.694,0.66615,0.61204,0.5459,0.5499,0.54339,0.49974,0.54472,0.64092,0.64731,0.62353,0.631,0.63953,0.60743,0.654335,0.740907,0.776965,0.749947,0.769435
GEL,,,,,,,,,,,,,,,,,1.9541,1.765,1.65044,1.66998,1.7826,1.68604,1.65126,1.66342,1.74125,,,,,
GHS,,,,,,,,,,,,,,,,,,0.92975,1.0652,1.41389,1.41664,1.53181,1.83726,2.05081,2.34648,,,,,
GIP,,,,,,0.62456,0.64445,0.60916,0.6037,0.61707,0.65834,0.69329,0.6649,0.62028,0.54671,0.54632,0.55949,0.49977,0.5448,0.64101,0.64738,0.62355,0.63102,0.63961,0.60751,,,,,
GMD,,,,,9.69413,9.66479,9.86685,10.18713,10.63033,11.32304,12.66564,15.73739,19.20385,26.34921,28.99417,27.76271,27.05792,24.11318,21.90857,26.04546,26.98839,27.26733,30.26262,33.16417,37.49431,,,,,
GNF,,,,,,1008.4886,993.26503,1069.03885,1224.6094,1335.78501,1672.45902,1901.84164,1903.58438,1931.56301,2204.04153,3508.22501,4873.42479,4386.75392,4553.825,4840.77775,5545.3963,6833.70792,7033.29044,6939.00595,6895.74923,,,,,
GTQ,,,,,,5.77761,6.0796,6.05423,6.36989,7.33399,7.75757,7.76078,7.54932,7.70914,7.74022,7.5532,7.3301,7.45875,7.42153,8.01039,7.92282,7.64964,7.68406,7.71407,7.71853,,,,,
GYD,,,,,,142.50579,139.15902,141.80249,145.45808,166.93912,180.97077,180.49315,179.35616,178.51178,178.68169,182.8863,190,193.15671,193.76189,192.74521,203.22844,203.24,200.63738,200,200,,,,,
HKD,7.789,7.77037,7.7396,7.73498,7.72824,7.7352,7.73391,7.74203,7.74574,7.75862,7.79176,7.79926,7.79788,7.78523,7.78764,7.77662,7.76776,7.80126,7.78609,7.75109,7.76822,7.7839,7.75667,7.75638,7.754,,,,,
HNL,,,,,,9.25388,10.78552,12.88729,13.40381,14.24133,14.90529,15.26627,15.75111,16.78079,17.67892,18.02429,18.09543,18.45603,18.70426,18.55501,18.54409,18.54723,18.9323,19.73124,19.82086,,,,,
HRK,,,,,,5.28002,5.38895,6.123,6.34627,7.09274,8.2653,8.28063,7.58284,6.44147,5.79493,5.92165,5.83115,5.3564,4.92769,5.27042,5.48829,5.33369,5.83737,5.69895,5.58442,,,,,
HTG,,,,,,19,16.27706,16.14035,16.94825,16.80795,20.37024,23.82728,27.91364,39.10708,35.72302,37.88303,38.01601,35.12657,37.80676,39.04868,39.05557,39.6147,40.86737,41.98803,42.77085,,,,,
HUF,,,,,,133.89183,149.39246,186.79671,214.3633,237.18927,282.64256,286.22296,257.36915,223.76778,202.33019,199.21315,210.05652,183.26533,171.89845,201.6182,207.70931,200.67854,224.83176,223.40798,218.70162,,,,,
IDR,,,,2100.73343,2159.62575,2243.70586,2327.33145,2889.97334,10102.64247,7817.46027,8373.12806,10228.84682,9290.80959,8552.42904,8928.05219,9699.58219,9157.44386,9124.97901,9661.71268,10387.20332,9056.72625,8724.10644,9329.20134,10394.65364,12054.84615,,,,,
ILS,,,,2.934,2.99441,3.00829,3.18566,3.44457,3.79504,4.13594,4.07708,4.20312,4.7318,4.54201,4.46981,4.47658,4.44896,4.10517,3.58203,3.92323,3.73131,3.57289,3.84974,3.60614,3.48975,,,,,
INR,,,,31.36756,31.3705,32.40712,35.3799,36.29446,41.23061,43.03643,44.86351,47.11764,48.5112,46.50087,45.20155,43.9785,45.17686,41.34102,43.6193,48.42377,45.71521,46.84664,53.4631,58.44113,61.79985,,,,,
IQD,144.72186,134.48329,126.60525,111.09989,72.79619,263.22648,108.75179,1084.45159,1200,1206.9863,1755.57377,2661.84822,2950.31507,2976.96329,2201.19645,1431.86003,1412.20225,1218.05348,1172.57721,1139.67099,1151.66247,1158.33868,1150.56429,1147.8631,1157.63615,,,,,
IRR,,,,1583,1583,1583,1583,2398.03836,1750.53836,1750.30685,1750,1750,6889.0411,7900,7900,8174.2937,8837.48419,9017.72937,9296.1512,9706.63181,9926.606,10494.16356,12038.80929,17786.91342,24680.92308,,,,,
ISK,,,,,,64.85261,66.50321,70.7943,71.10842,72.37353,78.81258,97.56411,91.3818,76.51146,70.09605,62.77845,69.71313,63.89918,86.94559,122.80433,124.27661,115.7234,124.68273,121.68775,115.04231,,,,,
JMD,,,,,,33.51612,36.32944,34.31195,35.79781,38.29273,42.2125,45.46055,47.55856,53.1669,57.64456,59.33446,64.09105,67.72441,70.36006,85.5905,85.55814,84.26944,86.97791,98.16254,100.10111,,,,,
JOD,,,,0.7002,0.69768,0.69989,0.70878,0.70832,0.70893,0.70904,0.7083,0.70753,0.70333,0.70455,0.70511,0.70537,0.70401,0.70345,0.70332,0.70425,0.70397,0.70612,0.70614,0.70594,0.70488,,,,,
JPY,144.72186,134.48329,126.60525,111.09989,102.17163,94.00318,108.75179,120.96862,130.80699,113.74442,107.78293,121.48302,125.18019,115.92337,108.13388,110.08624,116.29348,117.77091,103.41893,93.57562,87.78482,79.70298,79.78738,97.57812,104.70477,,,,,
KES,,,,68.518,55.79184,51.37055,57.05869,58.55149,60.26749,70.23332,76.03068,78.33182,78.31381,75.47807,78.80679,75.26232,71.56903,66.78103,66.80897,74.73711,76.19411,87.42397,83.20525,84.76007,85.42727,,,,,
KGS,,,,,,,,,,,,,,,,,41.29991,39.84082,36.56451,42.96392,45.93926,46.10797,46.9666,48.39863,49.164,,,,,
KHR,,,,,,2220,2300,2750.0137,3748.27671,3795.85795,3818.15913,3781.6211,3653.95562,3705.78356,3788.40027,3866.77318,3888.99008,3899.20847,3955.54817,4080.83567,4137.0183,4019.72452,3991.12481,3961.88789,3941.93308,,,,,
KMF,,,,,,367.27839,382.19887,433.64218,444.52892,456.2606,534.37469,549.93211,519.82786,433.87274,392.51637,391.62718,391.24621,359.64036,336.22514,353.79735,370.9807,352.7188,382.65351,369.81999,359.70962,,,,,
KPW,,,,,,2.15,2.15,2.18151,2.2,2.2,2.2,2.2,2.2,2.2,16.41257,170,141,140,140,139.57534,135,135,135,135,135,,,,,
KRW,,,,808.22286,803.59904,771.2263,804.6291,952.7711,1397.91096,1188.86849,1129.94402,1287.50192,1243.29288,1187.52082,1141.62978,1021.12264,940.3339,922.81438,1096.7425,1272.67781,1153.26488,1105.72989,1123.01902,1090.41666,1057.94077,,,,,
KWD,0.28999,0.289,0.29335,0.30146,0.29751,0.29841,0.29937,0.3033,0.30467,0.30427,0.30685,0.3063,0.30356,0.29687,0.29396,0.29159,0.28896,0.2831,0.26757,0.28685,0.28568,0.27585,0.27964,0.28336,0.28195,,,,,
KYD,,,,,,0.82943,0.82839,0.82816,0.8284,0.81539,0.802,0.802,0.81528,0.8189,0.81774,0.81893,0.8163,0.8163,0.8163,0.81321,0.80631,0.80632,0.80764,0.80974,0.8187,,,,,
KZT,,,,,,63.45592,67.77276,75.55436,78.5567,119.58649,142.14227,145.67201,149.92855,146.44315,131.1506,131.60329,121.45857,119.13119,118.28006,145.47592,145.25334,144.56383,146.86482,150.02205,152.32315,,,,,
LAK,,,,,,781.09091,920,969.5726,2469.53425,5497.80822,7516.78631,7427.52482,7280.40055,7373.2,7620.36148,9212.15937,9659.99685,9338.88005,8577.41202,8339.194,8131.03885,7920.42518,7880.7177,7716.974,7890.35,,,,,
LBP,,,,1714.53214,1679.01918,1620.41718,1569.82238,1537.59649,1515.13548,1503.65622,1508.81762,1502.15726,1459.64082,1464.59534,1480.29208,1501.29474,1471.77641,1483.54751,1487.50885,1485.81427,1486.82151,1491.26638,1486.73863,1487.48789,1480.15615,,,,,
LKR,,,,,,53.16007,55.22561,58.89084,64.73688,70.6346,76.62024,89.19739,95.40554,96.3123,100.97903,100.38149,103.59814,110.19242,108.0681,114.69858,112.79627,110.31668,127.19349,128.88134,130.60715,,,,,
LRD,,,,,,1,1,1,18.73699,35.76327,0.425,26.3826,0.99166,0.995,0.995,37.77093,56.14932,58.69863,62.1735,67.77301,70.5929,71.69986,73.1912,76.06967,81.21154,,,,,
LSL,,,,,,3.65203,4.29514,4.60406,5.49631,6.19647,6.23,6.23,9.26164,7.53728,6.44219,6.26067,6.62504,6.93536,8.1452,8.32668,7.21711,7.1595,8.09267,9.63452,10.63838,,,,,
LTL,,,,,,3.99694,3.99706,3.99801,3.99941,4,3.99935,3.99733,3.66959,3.05556,2.77786,2.7763,2.7469,2.516,2.34223,2.47228,2.60017,2.47717,2.67969,2.59227,2.51297,,,,,
LVL,,,,,,0.53522,0.54712,0.57828,0.58821,0.58685,0.60569,0.625,0.61499,0.56655,0.53491,0.55927,0.553,0.50907,0.47533,0.50422,0.53272,0.50564,0.54017,0.52597,0.51412,,,,,
LYD,,,,,,0.3555,0.3555,0.3555,0.35912,0.45681,0.5019,0.58288,1.18665,1.21979,1.29407,1.25464,1.2487,1.22631,1.19919,1.23024,1.24964,1.20685,1.23223,1.2416,1.22292,,,,,
MAD,,,,,9.08574,8.425,8.67748,9.49602,9.58637,9.78206,10.60628,11.2684,10.97035,9.47495,8.78134,8.77097,8.68379,8.13346,7.69136,8.03143,8.34995,8.0317,8.55109,8.32865,8.12764,,,,,
MDL,,,,,,,,,,,,,,,,,12.72497,11.78117,10.16555,10.91631,12.17463,11.52335,11.87846,12.32419,12.81139,,,,,
MGA,,,,,,,,,,,,,,,,1980.98108,2075.99088,1823.22,1669.7565,1923.20293,2066.91145,1991.26381,2161.5877,2180.46241,2218.01462,,,,,
MKD,,,,,,,,,,,,,,,,50.9685,47.77078,44.0516,41.62932,43.95594,46.08746,43.89454,47.5664,46.16272,44.6936,,,,,
MMK,,,,,,5.45387,5.87223,6.22115,6.2517,6.11776,4.85588,6.66604,6.59568,6.24405,6.25419,6.22936,6.14014,6.242,6.32401,6.31771,6.31361,6.31585,620.88897,917.43785,969.20077,,,,,
MNT,,,,,,427.73636,466.09683,514.2037,819.41082,990.84033,1068.95566,1096.26986,1103.8603,1121.29696,1120.37,1120.37,1134.99112,1169.73855,1165.9203,1439.29827,1350.84658,1254.63014,1351.52984,1506.26466,1648.92308,,,,,
MOP,,,,,,7.98822,7.98997,7.99394,8.0017,7.99171,8.00955,7.91027,7.69745,7.75184,7.76203,7.68796,7.68638,7.80516,7.89238,7.84487,7.85152,7.87471,7.83287,7.83944,7.84083,,,,,
MRO,,,,123.41559,122.43355,129.06733,136.19545,150.8257,186.61684,211.59016,237.34557,251.84367,263.85833,256.16397,249.87432,261.97519,260.83727,253.2614,237.58945,257.33613,271.55964,277.43197,291.93955,291.21565,286.78031,,,,,
MUR,,,,18.45199,18.01115,17.72553,19.63302,20.97559,23.90637,25.09914,26.01681,28.91155,29.66898,27.72197,27.21561,29.10742,31.34817,30.97485,27.52718,30.83214,29.69676,27.64607,28.93876,29.64721,29.134,,,,,
MVR,,,,,,14.22818,11.77,11.77,11.77,11.41222,11.62486,11.72852,11.94482,12.69,12.7423,12.72458,12.60523,12.65837,12.63668,12.6225,12.61837,14.26119,15.21039,15.19256,15.24775,,,,,
MWK,,,,4.43743,4.45227,6.07162,15.18203,16.18935,31.05334,43.78132,46.82898,68.71539,73.95633,94.11472,106.11484,115.19467,131.50976,136.15871,138.12128,138.67166,148.18092,154.74937,241.91322,355.93013,421.64138,,,,,
MXN,2838.98445,3018.86312,3093.66978,28.72281,3.36858,6.22579,7.59364,7.91459,9.14175,9.54309,9.45315,9.32894,9.64901,10.77625,11.26707,10.88031,10.89156,10.91873,11.13328,13.48489,12.62507,12.41826,13.14732,12.75434,13.06768,,,,,
MXV,,,,,,,,,,,,,,,,,,,,,,,,,,,,,,
MYR,2.70349,2.74893,2.54656,2.57296,2.62176,2.50737,2.51506,2.81501,3.91436,3.79927,3.7998,3.7989,3.79709,3.79748,3.79869,3.78517,3.653,3.42625,3.32474,3.51349,3.21099,3.05283,3.07766,3.1372,3.27932,,,,,
MZN,,,,4.915,4.915,4.915,10.24854,11.27955,11.77666,12.48503,15.18549,20.11263,23.06818,23.1699,22.03037,22.69359,25.73881,25.45573,24.04287,26.73929,32.91632,28.72603,27.93173,29.77495,29.71231,,,,,
NAD,,,,,,3.65244,4.28161,4.60404,5.52465,6.0949,6.94447,8.5658,10.35857,7.43918,6.33444,6.31838,6.65336,6.92425,8.12927,8.24392,7.0768,7.16184,8.09453,9.63452,10.63838,,,,,
NGN,,,,,21.7761,31.24444,81.14891,81.46987,85.54518,95.135,104.33392,113.33866,119.12737,128.86901,131.01798,130.48393,124.23777,122.44775,117.19116,148.26502,149.27274,154.26019,157.53689,157.70972,157.68969,,,,,
NIO,,,,,,7.50951,8.41406,9.4283,10.56522,11.78,12.27436,13.33858,14.18504,14.97329,15.7894,16.21866,16.61228,17.9564,19.06691,19.7123,20.97504,22.06187,23.14636,24.26589,24.92278,,,,,
NOK,6.25687,6.48894,6.21318,7.09502,7.05618,6.33474,6.45516,7.07336,7.54383,7.79757,8.79711,8.9828,7.98045,7.07534,6.73863,6.43919,6.40844,5.85689,5.63791,6.28483,6.03943,5.60077,5.81634,5.87556,6.14138,,,,,
NPR,,,,,,50.41281,55.20205,56.92689,61.62123,67.89104,71.00586,74.12855,74.04696,72.8625,70.03195,67.59326,68.86218,64.45235,68.49827,76.24335,71.93918,73.40597,83.69775,92.38301,98.03771,,,,,
NZD,1.67552,1.72845,1.85725,1.84855,1.68497,1.5232,1.45365,1.51323,1.86656,1.88944,2.1984,2.37587,2.1591,1.72134,1.50789,1.41947,1.5413,1.36044,1.42358,1.59735,1.38705,1.26448,1.2348,1.21978,1.20998,,,,,
OMR,,,,,,,,,,,0.38498,0.38484,0.38377,0.38424,0.38417,0.3846,0.38381,0.38358,0.38358,0.38358,0.38332,0.3838,0.38371,0.38387,0.38394,,,,,
PAB,,,,,,1,1,1,1,1,0.9971,0.9966,0.99918,1,0.99669,0.9903,0.9655,0.97641,0.98317,0.98263,0.98296,0.9826,0.9812,0.98181,0.98199,,,,,
PEN,,,,,,2.30657,2.44778,2.65878,2.92581,3.37905,3.48716,3.4627,3.36737,3.35478,3.31869,3.2815,3.1856,3.05868,2.87885,2.97032,2.78703,2.72151,2.59782,2.65828,2.75682,,,,,
PGK,,,,,,0.78748,1.3142,1.42421,2.0712,2.56927,2.74116,3.31479,3.82525,3.47925,3.21057,3.03207,2.86268,2.81573,2.58743,2.62215,2.58265,2.27242,1.97567,2.22129,2.45572,,,,,
PHP,,,,27.98929,26.28768,25.62491,26.20456,29.53438,40.80573,39.06668,44.14768,50.85671,51.48022,54.0579,55.906,54.97704,51.15005,45.94119,44.27701,47.44368,44.94371,43.18438,42.09536,42.35422,44.52496,,,,,
PKR,,,,30.03696,30.53458,31.60821,35.99843,41.07714,48.63593,51.3309,53.77905,61.13286,58.27136,55.73157,56.65079,59.47808,60.12967,60.53676,70.23835,81.34934,84.43015,85.65757,92.6039,100.70652,104.51808,,,,,
PLN,,,,,,2.48266,2.69585,3.2785,3.48975,3.96404,4.34514,4.09326,4.07486,3.88273,3.64765,3.23109,3.09947,2.76257,2.40317,3.11117,3.01071,2.95851,3.24903,3.15578,3.04971,,,,,
PYG,,,,1792.74286,1793,1793,2038.62978,2165.20548,2691.5589,3113.61644,3485.45082,4058.7937,5574.04904,6361.43863,5861.79781,6100.65595,5436.448,4880.68847,4256.66462,4886.24907,4660.68326,4100.6554,4331.05891,4219.48058,4510.65308,,,,,
QAR,,,,3.63928,3.63913,3.63941,3.63986,3.64002,3.6401,3.64026,3.6399,3.62724,3.63716,3.6374,3.63809,3.63764,3.62349,3.62827,3.63319,3.63501,3.63326,3.63663,3.62983,3.63268,3.63847,,,,,
RON,,,,,,0.24836,0.31135,0.71205,0.8864,1.53334,2.16627,2.87658,3.19811,3.23229,3.18346,2.88917,2.80021,2.42716,2.50751,3.03711,3.16946,3.04455,3.46671,3.32448,3.2973,,,,,
RSD,,,,,,1.66534,4.92146,4.9991,8.98995,10.91906,11.6095,48.30808,63.52876,57.67927,58.9607,66.96762,65.38393,56.89448,55.31626,67.18426,77.36886,72.93516,87.5502,84.75353,84.03452,,,,,
RUB,,,,,,4575.15714,5131.61749,5784.854,10.01829,24.8259,28.13427,29.17529,31.37993,30.67911,28.80389,28.2824,27.18127,25.57275,24.8484,31.62679,30.30874,29.33032,30.98624,31.81901,33.06714,,,,,
RWF,,,,,,,,,,,,,,,,,528.13482,531.49078,536.24402,557.85304,573.30989,590.2859,598.98442,638.55996,665.53408,,,,,
SAR,3.74998,3.75007,3.74996,3.75036,3.75026,3.75029,3.75028,3.75031,3.75056,3.75025,3.7504,3.75011,3.75003,3.74985,3.74964,3.75008,3.74973,3.74478,3.74618,3.74667,3.74443,3.74883,3.74893,3.74922,3.74998,,,,,
SBD,,,,,,3.3571,3.50634,3.64705,4.39126,4.85491,5.03165,5.21971,6.53034,7.35681,7.33942,7.30233,6.99028,6.9686,6.9686,7.21226,7.3976,7.01418,6.75895,7.16774,7.326,,,,,
SCR,,,,,4.97,4.97,4.97025,5.03477,5.25554,5.33231,5.69327,5.82067,5.44119,5.32546,5.20291,5.27124,5.35309,6.64262,9.19644,13.382,10.93207,11.68296,13.01111,11.36832,11.33087,,,,,
SDG,,,,,,,,,,,,,,,,,,1.94748,2.04611,2.29218,2.29821,2.63545,3.50975,4.53548,5.66655,,,,,
SEK,5.9145,6.04844,5.82552,7.78331,7.7141,7.13103,6.70311,7.63005,7.94518,8.26287,9.15963,10.32649,9.71531,8.07606,7.34381,7.46944,7.37261,6.75394,6.58672,7.64264,7.1998,6.48727,6.77061,6.51275,6.49981,,,,,
SGD,1.77556,1.72703,1.62858,1.61513,1.52671,1.41667,1.4093,1.48471,1.67102,1.69416,1.72354,1.79143,1.78998,1.74202,1.68997,1.66381,1.58877,1.50655,1.41484,1.45382,1.36297,1.25665,1.24936,1.25078,1.26677,,,,,
SHP,,,,,,1.59963,1.55351,1.64043,1.65879,1.61989,1.51744,1.21435,0.69403,0.68198,0.54676,0.54632,0.5728,0.5736,0.5736,0.5736,0.63073,0.62218,0.63137,0.64003,0.60756,,,,,
SLL,,,,,577,614.68767,683.31967,784.00822,903.04795,897.17205,698.92781,1890.0274,1961.77973,2288.43507,2463.44809,2355.67671,2350,2757.37592,2948.38369,3343.72701,3911.62263,4288.20036,4306.56557,4278.2411,4286.61538,,,,,
SOS,,,,,,2620,2620,2620,2620,2588.70532,2612.82044,2619.28178,2606.90923,2615.8726,2731.91667,2638.99647,1349.07732,1309.19049,1371.46172,1390.49644,1525.13367,1576.84079,1583.87803,1374.64989,1091.96077,,,,,
SRD,,,,,,0.42687,0.438,0.4083,0.401,0.63628,0.83655,1.11879,2.1711,2.45195,2.5024,2.53542,2.7,2.7,2.7,2.70579,2.71181,3.20711,3.25,3.25,3.25,,,,,
STD,,,,,,1572.55442,1933.05216,2100.86205,2390,2355.19641,2129.02973,3375.51904,8930.83233,8844.27616,8792.27322,8413.01082,6648.75633,11503.78167,14205.01011,15224.27699,17992.53041,17512.50548,18957.88852,18184.00877,17880.92308,,,,,
SVC,,,,,,8.75293,8.75511,8.75501,8.75378,8.72077,8.73704,8.75073,8.72511,8.73155,8.74742,8.72457,8.42436,8.49663,8.58828,8.58472,8.57903,8.70941,8.59938,8.57288,8.57428,,,,,
SYP,,,,21,22.77671,41.42493,41.94735,41.89411,41.84863,42.12243,45.98316,49.19864,48.04616,44.953,48.95079,51.43677,50.19661,50.24585,49.1633,45.53383,45.4237,47.24246,62.37816,101.4898,139.70769,,,,,
SZL,,,,3.36446,3.54801,3.62663,4.28557,4.60697,5.50142,6.13534,6.72261,8.55399,10.47071,7.51356,6.3944,6.33907,6.73006,7.01357,8.21226,8.41632,7.21231,7.17235,8.10915,9.63457,10.63838,,,,,
THB,,,,25.39058,25.1436,24.91066,25.34792,31.04492,41.17208,37.82053,40.14576,44.46587,42.95728,41.47454,40.20492,40.2115,37.86202,32.05365,32.70795,34.08424,31.50616,30.29383,30.909,30.64852,32.91778,,,,,
TJS,,,,,,,,,,,,,,,,,,,3.41481,4.14485,4.37903,4.60877,4.76221,4.76343,4.7736,,,,,
TMT,,,,,,,,,,,,,,,,,,,,2.85,2.85,2.85,2.85,2.85,2.85,,,,,
TND,,,,,,,0.97381,1.09765,1.13571,1.18353,1.36711,1.43188,1.40818,1.30981,1.27069,1.29585,1.31688,1.26434,1.21681,1.3274,1.41836,1.40106,1.557,1.62047,1.64912,,,,,
TOP,,,,,,1.3412,1.22845,1.25962,1.45165,1.5073,1.74915,2.12261,2.17833,2.13815,1.98084,1.93704,2.04009,2.0408,2.0408,1.98889,1.91723,1.75087,1.73428,1.78869,1.85732,,,,,
TRY,,,,0.01393,0.03014,0.04592,0.0817,0.15258,0.26188,0.42015,0.62403,1.20851,1.48719,1.47958,1.40873,1.34319,1.43029,1.30145,1.30192,1.55128,1.50537,1.6774,1.79955,1.90385,2.16725,,,,,
TTD,,,,,,5.69908,5.78806,6.13924,6.2279,6.20346,6.2316,6.14952,6.10369,6.14668,6.18694,6.24371,6.18961,6.15,6.06673,6.14085,6.23129,6.27243,6.2774,6.29851,6.30028,,,,,
TWD,,,,26.7505,26.44764,26.48227,27.45216,28.68653,33.4291,32.22361,31.15711,33.60034,34.53168,34.446,33.39234,32.10503,32.52045,32.8574,31.53035,33.00816,31.51538,29.26319,29.49007,29.63695,30.07396,,,,,
TZS,,,,,516.40162,559.47945,593.43169,604.89073,650.9404,736.90068,794.88248,865.82003,936.4154,1010.7743,1063.56694,1100.40805,1216.31082,1212.24033,1177.79492,1303.72375,1419.56247,1563.35403,1562.43754,1583.59375,1564.98308,,,,,
UAH,,,,,,,,1.86479,2.59064,4.29909,5.47604,5.37665,5.17974,5.18671,5.17868,5.04989,4.85399,4.88743,5.17542,7.95039,7.85211,7.88698,7.97582,8.05238,8.13698,,,,,
UGX,,,,,,1027.38571,1038.65301,1072.85616,1229.80027,1454.33836,1620.2377,1739.6834,1729.85578,1840.15764,1807.11391,1774.71844,1806.45712,1697.40312,1692.6326,2007.9386,2153.20649,2492.07008,2469.5518,2555.09488,2489.73308,,,,,
USD,1,1,1,1,1,1,1,1,1,1,1,1,1,1,1,1,1,1,1,1,1,1,1,1,1,1,1,1,1,1
USN,,,,,,,,,,,,,,,,,,,,,,,,,,,,,,
USS,,,,,,,,,,,,,,,,,,,,,,,,,,,,,,
UYI,,,,,,,,,,,,,,,,,,,,,,,,,,,,,,
UYU,,,,4.37325,5.00592,6.29147,7.92184,9.39226,10.40544,11.21321,11.385,12.83801,21.31783,28.24279,28.69364,24.40929,23.06776,22.74776,20.4376,22.19219,19.58284,18.82218,19.77799,19.96338,20.6569,,,,,
UZS,,,,,,,,,,,,,,,,,,1286.09073,1317.64322,1463.81049,1587.12186,1715.80844,1892.39964,2101.27564,2197.15,,,,,
VEF,,,,,,,,,,,,,,,,,,,2.14225,2.14266,4.20485,4.28968,4.2873,6.05772,6.28845,,,,,
VND,,,,,,11031.28512,11029.93033,11696.83836,13261.13699,13940.56301,14163.60328,14602.3589,14596.52877,14951.03288,15296.70765,15745.48356,15542.30986,15738.31644,16179.04126,17489.98027,18921.26521,20453.64959,20692.73689,20878.35479,20898.06923,,,,,
VUV,,,,,,112.56972,111.18555,115.32786,127.2281,128.70504,137.40167,144.6743,137.89441,121.44159,111.10577,107.85061,107.94322,97.73468,95.51038,102.90964,95.76789,89.88063,90.52604,92.68074,95.28462,,,,,
WST,,,,,,2.48406,2.4596,2.53901,2.92784,3.02249,3.06785,3.37301,3.4087,3.01999,2.78965,2.62174,2.74056,2.64787,2.59482,2.6803,2.44192,2.27265,2.26293,2.2691,2.2691,,,,,
XAF,,,,,544.65818,498.92199,510.33187,582.16849,589.26658,615.29749,709.52364,725.7181,677.7969,564.73247,507.28962,522.22479,505.85384,466.09239,439.30871,462.75689,485.46116,462.13888,503.07358,494.06448,480.60662,,,,,
XCD,,,,,,,,,,4.08468,2.69167,2.67068,2.66829,2.66619,2.66806,2.66692,2.65288,2.6509,2.63616,2.63009,2.65153,2.67808,2.6882,2.6882,2.6882,,,,,
XDR,,,,,,,,,,,,,,,,,,,,,,,,,1.54,,,,,
XOF,,,,,,489.28599,507.79699,578.06266,588.57092,614.39277,710.99635,728.89452,692.58805,579.42742,528.22893,522.69154,505.55408,466.14475,439.25729,462.88993,486.17596,462.50606,503.06823,494.09438,480.608,,,,,
XPF,,,,,,,,,,123.40372,126.38854,133.28347,126.6117,105.38123,96.11159,95.92609,91.87749,84.74022,79.84004,84.0606,88.62332,84.64424,91.86272,89.76699,87.35185,,,,,
YER,,,,,,,,,,,,,174.16531,177.91721,181.98189,181.45064,180.18489,187.9101,198.78482,200.75812,216.12867,213.3657,213.931,214.53274,214.78515,,,,,
ZAR,2.58739,2.76169,2.85123,3.2678,3.5488,3.62704,4.29621,4.6072,5.53396,6.10686,6.93388,8.60105,10.48516,7.53459,6.42277,6.34266,6.7505,7.03077,8.23218,8.40084,7.30053,7.23125,8.19734,9.63485,10.63838,,,,,
ZMK,,,,,682.45,867.62286,1206.01954,1315.37534,1858.7274,2469.93093,2780,2796.01644,4282.29096,4750.06164,4743.16393,4407.81921,3417.3914,3878.36742,3678.63992,4977.20773,4727.69795,4791.27186,5066.36505,5175.69775,5176.2,,,,,
ZWL,,,,,,,,,,,,,,,,,,,,,,,,,,,,,,
